Actual Number,Detected Number
032A163,1032A163
11C8290,118296LORCAIC
304E726,304E726
317J398,gf
695299,6952899
712J032,712J032
977K593,977K593
AICMM147,AICMM147
C5264I,
CA890BC,
CZ17K0D,C217KOD
CZ17KOD,C217KOD
DL1YA3550,
DL7CQ1939,DL7CQ1939
FGH1662,
FSH439EC,
G22SKD,G22SKD
G88LFB,a688LEB
GOD666,666
GS971AI,GS971AlL
HR26DK8337,HR26DK8337
J98257,
KA01G5425,
KA555ZG,KA55576
KK2313L,KK2313L
KL01CC5995,KLOTCCS995
KL13AH7353,KL13AH7353
KL49H5270,KU4SH15270
KZ66ZYT,
LJE797R,SE797R
LLKK50,
LR33TEE,
MH04JM8765,aes
MH20EJ0364,WH20EJ0364
MH20EU9991,Reece1BOEN991
NUEC860,
OS269DT,0S26
PZ807Ao,P7807A0
R880FGK,IREB0rE
RI1201AR,RI1201AR
RI393BD,RI393BD
RI982JF,R982JE
ST377IE,T3771E
SW7771AE,SW6771AE
TN45BK9199,T70459199
V8LUV,8LU
W21337S,W213375S
W51620L,Wv51620L
W78512C,WW78512C
WJI3SE0,
ZD608EC,eSta70608EC
ZG0013JP,
ZG1041P,
ZG2448D,
ZG2745AM,16245AM
ZG2877J,2877J
ZG301ZH,
ZG461DJ,
ZG4847S,LG4847S
ZG4898AC,764898AC
ZG5800K,5800K
ZG593ZH,
ZG679VF,76267
ZG707VK,768707VK
ZG754VV,ZG54VV
ZG7761M,7G761M
ZG8240AF,7G8740AF
ZG911CK,
ZG977S1,
ZH698703,
ZS38584,2752385
